{
  "accountKeys": {
    "keys": {
      "0": {
        "keys": {
          "0": {
            "signKey": "093e444993c70022ba74a941dca08a28f7d3f862eff5bb1e2e5aa9f63f12e89d",
            "verifyKey": "5d4911e9ed136d1768b83e5e782378751ccb0cac7928f43acc95a3fe973f07bb"
          },
          "1": {
            "signKey": "edd8a0a19b4d7cefb16180daa1f287d32d5d644e4ca4369ddad5e14c90718b9a",
            "verifyKey": "09ce232c576de0cd1ae56465180c958a0bee01ef7f3d0cddc79f2ddfe805650d"
          },
          "2": {
            "signKey": "aa954a50aaf35546be6ed18f1eb84ba93e7cbdd058d010dc9b6ab4f8dc54fd1c",
            "verifyKey": "23d43f512d79386403eaead383961871fab6f84b09d9694579f567fd0ba3576c"
          }
        },
        "threshold": 2
      }
    },
    "threshold": 1
  },
  "aci": {
    "credentialHolderInformation": {
      "idCredSecret": "28dddb724693b5eff8834f80eb7d274eb190752d524d6ae0fb326f0145aa7144"
    },
    "prfKey": "235b272425dce4fc72c32845328c7edd2158d05900fa713f8b8602af6d6bbf8a"
  },
  "address": "3KoNZL5xiFNpCyAvQnAZKNyB7NSxjZtBUdmoZhHXpHreY2Fvb4",
  "credentials": {
    "v": 0,
    "value": {
      "0": {
        "contents": {
          "arData": {
            "1": {
              "encIdCredPubShare": "8ea532498cea09037860225fc4cfcef0da6692d519208a776faf347ce221ac1a38b50b90ae89ed250936b08c168e0d6990208cd416066c8ca85e417d36a783da39dddc2217b6a26e6510f7222f016352940c73429daa959d45993ebd6d79a578"
            }
          },
          "commitments": {
            "cmmAttributes": {},
            "cmmCredCounter": "95ce7d42e23032b15628054fc0ee66aa82cba2920d6bc6b3830ec589d5c1a98ebed312d817e9b1f1e500e0fd9f02ecf3",
            "cmmIdCredSecSharingCoeff": [
              "a8ef3f3d839410c2e54ca7eff74fbffdd9ec3f01ecf7c261908044d9ee7a6a9f3f4228b07023a974fed20c8f6f0e8103"
            ],
            "cmmMaxAccounts": "abf38b110a297cf92229762885d5cea61e5058886932c311d8c3b37b5d7e0e00c1c2e8ddbfa223a88e575b04cd457fb4",
            "cmmPrf": "80df2375d415fcc4f6ed8596c6384a96945d44b9a2511bc44f27c3d4fb8d9d9c687c904b2769fa93fe2d96ba8022cc80"
          },
          "credId": "9224a7c0060ebd2bfbb10fda91e1dd9fe77694b069bcf31b7ceb7192d4b94a2ee5a1d3646d72f4c974f5ab110d1542aa",
          "credentialPublicKeys": {
            "keys": {
              "0": {
                "schemeId": "Ed25519",
                "verifyKey": "5d4911e9ed136d1768b83e5e782378751ccb0cac7928f43acc95a3fe973f07bb"
              },
              "1": {
                "schemeId": "Ed25519",
                "verifyKey": "09ce232c576de0cd1ae56465180c958a0bee01ef7f3d0cddc79f2ddfe805650d"
              },
              "2": {
                "schemeId": "Ed25519",
                "verifyKey": "23d43f512d79386403eaead383961871fab6f84b09d9694579f567fd0ba3576c"
              }
            },
            "threshold": 2
          },
          "ipIdentity": 0,
          "policy": {
            "createdAt": "202105",
            "revealedAttributes": {},
            "validTo": "202205"
          },
          "revocationThreshold": 1
        },
        "type": "normal"
      }
    }
  },
  "encryptionPublicKey": "b14cbfe44a02c6b1f78711176d5f437295367aa4f2a8c2551ee10d25a03adc69d61a332a058971919dad7312e1fc94c59224a7c0060ebd2bfbb10fda91e1dd9fe77694b069bcf31b7ceb7192d4b94a2ee5a1d3646d72f4c974f5ab110d1542aa",
  "encryptionSecretKey": "b14cbfe44a02c6b1f78711176d5f437295367aa4f2a8c2551ee10d25a03adc69d61a332a058971919dad7312e1fc94c50fa1f87b44303b959cfae33b1ffa6831dc51dfe0bb1eb5c93d56914accf8902d"
}