[
  {
    "accountThreshold": 1,
    "address": "3Ug5rCqAN2z17MqAyh5KUGDpv6k9eSHu8AN8jCgbmAxmjcu5TM",
    "baker": {
      "aggregationVerifyKey": "b89ecbb2d6ba8e3b69e61442acd7e482ad5a753af467d3eed7b8d4fe2dae95c96e854be796be0b2f5920e39fe85faa2908f38e6733e6b258fa95d41429f13418a99f3924a96190ca1190061c7cd42e05f10b80034a0d28b3b1b1dd20205cc9de",
      "bakerId": 0,
      "electionVerifyKey": "571cbe734fb1a59fe890f2fbc0ecf30db02f66dc4d66c3f119b26d3aadae6cff",
      "restakeEarnings": true,
      "signatureVerifyKey": "9e78d636fedd893b3a33b15c3f2d85e6701b91680d40abd57bb27ca0b714a939",
      "stake": "700000000000000"
    },
    "balance": "700000000000000",
    "credentials": {
      "v": 0,
      "value": {
        "0": {
          "contents": {
            "arData": {
              "1": {
                "encIdCredPubShare": "a9c2b64709780f553805837c088eba182ad6b92318c6f8de9f1bd6953c49a7d8c16cd3debf4709ab8e98d7bf09eabc2593d2a38bc5e48586612164d5a22dd3198bcfc714f59a678c9000e3dc4c7412278633d9996436e2be4c5276747578db74"
              }
            },
            "commitments": {
              "cmmAttributes": {},
              "cmmCredCounter": "9306f0d332ed1bc5a7a20a1934731e3a7784045a6647f82dcc0674741facaa6c7cb0a94edd82aa33ec03bdc3ad649644",
              "cmmIdCredSecSharingCoeff": [
                "95af565e67feadadd2cfa1afddbd89a4a1978d26a73367ff1a7c0727528bbe1ff952e460482104470dfc67ad66f6a972"
              ],
              "cmmMaxAccounts": "b922ed52fb8e5c9b7ebfb79eefbd36aa64503a657a4fa29b354578e7933e79a50de5d9278206329b7a9a8232fca0d725",
              "cmmPrf": "a99962b0da99150e7b4641c2195dbe668536a5bfc18810b786cbcac79f320250e3b16b098708bece180aa4ce2fce4981"
            },
            "credId": "913db486cccc09300d0787f7e457db542481dce3d4d2d7644bb24b86f45095cf155dcdf107162cb338fd2332d0f68ce7",
            "credentialPublicKeys": {
              "keys": {
                "0": {
                  "schemeId": "Ed25519",
                  "verifyKey": "5f5e0c54880c54d4e03cf7e80041ebb0925c65d068c0ada04782465922e40300"
                },
                "1": {
                  "schemeId": "Ed25519",
                  "verifyKey": "e7503c4a52516cb9adf00242d916b50a9542eedf40e3d4cde8db096fa342b228"
                },
                "2": {
                  "schemeId": "Ed25519",
                  "verifyKey": "746ab270d11ecc9d2c8126982374d110b7d9a6452c7c6f5382d4717c2d6f59c9"
                }
              },
              "threshold": 2
            },
            "ipIdentity": 0,
            "policy": {
              "createdAt": "202105",
              "revealedAttributes": {},
              "validTo": "202205"
            },
            "revocationThreshold": 1
          },
          "type": "normal"
        }
      }
    },
    "schemeId": "Ed25519"
  },
  {
    "accountThreshold": 1,
    "address": "4Gaw3Y44fyGzaNbG69eZyr1Q5fByMvSuQ5pKRW7xRmDzajKtMS",
    "baker": {
      "aggregationVerifyKey": "8854e711609c70d1f354831756d62803e359440685c9c19f0a0e74972dde1273170ac1c3222ce0214143d2c2e8f5e53f0c80d9a76c0f7068d881a20c063a09370e935e22a3488a1e0e463852eb447b1caa718d6e8d1360e69223ba667f20ed41",
      "bakerId": 1,
      "electionVerifyKey": "5626a77aa18c049298cd3d918bfa393452d1bee5173d2d2bac223a1c9599c13c",
      "restakeEarnings": true,
      "signatureVerifyKey": "ecc7749633939e4fe45d826607196e3067cea8618a7f5fa3a5e324c97342bca1",
      "stake": "700000000000000"
    },
    "balance": "700000000000000",
    "credentials": {
      "v": 0,
      "value": {
        "0": {
          "contents": {
            "arData": {
              "1": {
                "encIdCredPubShare": "b88e2970b728b35c0d98a15ed4ef00a35246ec4eec4b6660f482203ec3a93c2f7cc3e6f7313751334fdcace5a046919a8a8f6c24579f7b6d82b2ea6a12ff02007b7dc7b034eaca035acb11efd2c6c5f14ef11269ee643d9a48afafd69c70e210"
              }
            },
            "commitments": {
              "cmmAttributes": {},
              "cmmCredCounter": "942bd0876a5127d8bd004f87add68df1a5120af5ace3799f6890eadef1fa798414a13cc3a2d3d7d842a44aac59421b9e",
              "cmmIdCredSecSharingCoeff": [
                "8060656bbd1f3a5f0c354c00f3299a658071e2c08631560ad2631ad524a6d9cafea64b2e2e5bd2b774280654f31cac60"
              ],
              "cmmMaxAccounts": "b7f6b837b3f4ab82894e26ae286cabbf63ad2e29a30b3c3efdad85ccf21b7e0b81d691d4d136891e078072efdf642361",
              "cmmPrf": "a84e44f8ed879bb9f3566c166e4f9747b4f3748f2cd96635ba84caa169ab3ffac297f2960cd6729ccbcedc67d8d0241d"
            },
            "credId": "b70b954a24e39134035facf187afb95bbf6e256f84114df0bc7fd5f1279587fed21da775dc9ce921f8198a11d5781933",
            "credentialPublicKeys": {
              "keys": {
                "0": {
                  "schemeId": "Ed25519",
                  "verifyKey": "e958cfae7f1eb505ada401b3d00e7b6bdb32f78f8649c3801d93572bf8c1a91d"
                },
                "1": {
                  "schemeId": "Ed25519",
                  "verifyKey": "c2e0048247f4eeca336cc9f5eb00f9942e0ae266c42e4b38006ec523c6f4f782"
                },
                "2": {
                  "schemeId": "Ed25519",
                  "verifyKey": "141786ba7650244c2e45ad266f5bf45d752094ca77b2da2095af895774ca877e"
                }
              },
              "threshold": 2
            },
            "ipIdentity": 0,
            "policy": {
              "createdAt": "202105",
              "revealedAttributes": {},
              "validTo": "202205"
            },
            "revocationThreshold": 1
          },
          "type": "normal"
        }
      }
    },
    "schemeId": "Ed25519"
  },
  {
    "accountThreshold": 1,
    "address": "4hXCdgNTxgM7LNm8nFJEfjDhEcyjjqQnPSRyBS9QgmHKQVxKRf",
    "baker": {
      "aggregationVerifyKey": "a1bbd27ceb23f3a08e02d5733cec7c93934cd0ec379877ab3226dcd76a2b05a4a6751f48a31892e372c85e4a1fa3febf0c2f11496cd07c1b9ba6e262793d14cc684638aeb6fd1a507cb2059ab45dcdb6e94c901d37205aad982b9957c491e74e",
      "bakerId": 2,
      "electionVerifyKey": "d5cab76d173a90ca75b16b38d3c8a184e5646268d5c3b8608fa2b43c4b1eb1fc",
      "restakeEarnings": true,
      "signatureVerifyKey": "4643b94ddeee74e94327eb2720dc8dbac9579c045b9ab11bbf35cc0353ee3c50",
      "stake": "700000000000000"
    },
    "balance": "700000000000000",
    "credentials": {
      "v": 0,
      "value": {
        "0": {
          "contents": {
            "arData": {
              "1": {
                "encIdCredPubShare": "8abb5597bb5bee44e874521bf91420383e16a7a45fdb511324089dcee79d47ccbe7ba2f1fc41278ad93dc9e9e531b8c9a2c9fe21b717933491f15be099ba593eeb4facdc2ebca82aa4704e228cf06a300414150bfc82587381e8a6900d3e3ab6"
              }
            },
            "commitments": {
              "cmmAttributes": {},
              "cmmCredCounter": "b3a1e33cd71f281c13e499a3a5458440a6d1cb49b32e54b1f0f40f242bc21bb05d3d304a8382dea757b7ee34ebf28b9b",
              "cmmIdCredSecSharingCoeff": [
                "a73697c68a950b3caa2333b98bcf1093b2af6212630988ca51b0ed9f805804339641d39689aed59a0f3ae7eccdc3aed4"
              ],
              "cmmMaxAccounts": "8136e35171b00ea5e87c52f017e1209c3b6b2a0a0f276876664f8f20e4d1e614b357c2ba34b7769747184187563b227a",
              "cmmPrf": "909223a43a839eaf0f6d19d4fa484b9d28d756c0474e47483c61061788cfede7d838c1e67961e4a146880982112ca807"
            },
            "credId": "8dacd287a1f9bb0e8c0b88206f3898ccb59ee5fc68811987a978ec023042150a1bf17b59e447a36c07c8537793fb3785",
            "credentialPublicKeys": {
              "keys": {
                "0": {
                  "schemeId": "Ed25519",
                  "verifyKey": "a6d57912cd3c1a8efd721ffd09d0fd0145a1ef86ba8ee756f5987ce27e5f209f"
                },
                "1": {
                  "schemeId": "Ed25519",
                  "verifyKey": "9858589a4090cda26d35dfb611418549c7ff7d7d36c18ce65ca7327f5bb59fa6"
                },
                "2": {
                  "schemeId": "Ed25519",
                  "verifyKey": "0c7e2969d485e30db43e701b46cc6bb0ea2f94c125b7f77959298df9e4eef3d8"
                }
              },
              "threshold": 2
            },
            "ipIdentity": 0,
            "policy": {
              "createdAt": "202105",
              "revealedAttributes": {},
              "validTo": "202205"
            },
            "revocationThreshold": 1
          },
          "type": "normal"
        }
      }
    },
    "schemeId": "Ed25519"
  },
  {
    "accountThreshold": 1,
    "address": "38rQoCqvUkfVQ1fTwVPLBgjLkkZ8x79HozGYsWsZmtCyipiMnp",
    "baker": {
      "aggregationVerifyKey": "ab5e3787eebc8472ef4e2121f6f525d6ca4fc5855b64fc1bd1b0939cdc3e993e72c3b6a8529e7ae7897b2f76bf6978b10a4e19e03df9096927b6c4735e4bed95908085aff19786e73478a34b81556dc184f7c370fbd8c2730e47eb506aea5505",
      "bakerId": 3,
      "electionVerifyKey": "6ff36727655002012121122c1a96d0fae57dd375a5926b4ebc18c2250efa51e2",
      "restakeEarnings": true,
      "signatureVerifyKey": "ec3dd2d3092dbdda4759798c6f0ed9a59e20983203e6fbe37215d486058d0a69",
      "stake": "700000000000000"
    },
    "balance": "700000000000000",
    "credentials": {
      "v": 0,
      "value": {
        "0": {
          "contents": {
            "arData": {
              "1": {
                "encIdCredPubShare": "8a1e87e59773455fceaa347553f17b8ab1d4f07f334015728f8d250a4922aa0447f672dd58146de6b95494f760afcac99238c8ce36b6f62d176c67b71cdce6d4bd9e547818d9fb529461eddc2189831e23b55b3c8479d0961200175f022cbcff"
              }
            },
            "commitments": {
              "cmmAttributes": {},
              "cmmCredCounter": "916a0bba6c3ee4e15edb353b01a6ef0e3c84c0e92fc5ebab1e39dfe8c58e0956ac6906e2af988cd035e4bcf00822f017",
              "cmmIdCredSecSharingCoeff": [
                "a5ddf402ee13a633517a67d74a588830fca02a02cd336abd40d1ca00b597e8880f2117a37351159144aaebf4f25bc902"
              ],
              "cmmMaxAccounts": "ad654bb950ac609eb487819678a07f81291cc9e5a822e67e30a9551da128e988b78c33706e113fdb5f0afe7e564fd4d4",
              "cmmPrf": "a5b37fbedc21af8d61923d5e92e31c33690ee890de9f07c6ff6cddc054dedcda9bed024967a3282be9547a242596d4b6"
            },
            "credId": "a789296da71de8d4d162b6c798543f066b5c07fa8e1736be445213e1c8a5407faae6dd69e8cfc7f3f6807079d75d1aa1",
            "credentialPublicKeys": {
              "keys": {
                "0": {
                  "schemeId": "Ed25519",
                  "verifyKey": "9fa3a0c575ea0e719817ba4ed621ef35071bad99707374db313ef937da630b9c"
                },
                "1": {
                  "schemeId": "Ed25519",
                  "verifyKey": "0c467e01f06201affb0285e913801413bb60026932b5440d014b13ef42d8bc0f"
                },
                "2": {
                  "schemeId": "Ed25519",
                  "verifyKey": "d9e906902794fc5d7562ea5840454accefdf68b867061289d3cccbca2682c01a"
                }
              },
              "threshold": 2
            },
            "ipIdentity": 0,
            "policy": {
              "createdAt": "202105",
              "revealedAttributes": {},
              "validTo": "202205"
            },
            "revocationThreshold": 1
          },
          "type": "normal"
        }
      }
    },
    "schemeId": "Ed25519"
  },
  {
    "accountThreshold": 1,
    "address": "46hs9HFuYEt5Gq8bKn7ZMpMUUYvTMbfqfqUtPJqqQF3mVFGKeH",
    "baker": {
      "aggregationVerifyKey": "b1185745dcfc1ecf5faff85b4935a5bdd670edd09aae476b31ef1122bab0dbb7b366d040c2f75183feb3d3b248159979172686fde738741ef14ec55cd1de4b3d0d6714d89e664fb16fa4de08adda277f7311cc737cfd7cccde7f42ef70e90a62",
      "bakerId": 4,
      "electionVerifyKey": "944c49300d5e8d29c7370c0d8d80e12da8f2329238ff4bc73705e554f67ef562",
      "restakeEarnings": true,
      "signatureVerifyKey": "5b05d79a04f852b5dae6dca31eefb0a3507e9b0615fdf383a1d16b156f4af273",
      "stake": "700000000000000"
    },
    "balance": "700000000000000",
    "credentials": {
      "v": 0,
      "value": {
        "0": {
          "contents": {
            "arData": {
              "1": {
                "encIdCredPubShare": "a9eb621e4140ed66eb5710eae12118483f18bce85cda1e4e206dda30db504430fc8ae9e83a4960b1e2b41fd956a7a539a2ea28c21b737c9075a6193fa4a700969ec929d544d128ce9f2aa533f73d4f89df7312e9940cf404e4ea75073274a458"
              }
            },
            "commitments": {
              "cmmAttributes": {},
              "cmmCredCounter": "b82cd344d1ab38a19bc08d6ef80d9901ae083d8da7a5488ee9eb147ad9b2d8d434db492fb988c4a46ffe2788e63403a7",
              "cmmIdCredSecSharingCoeff": [
                "9549fd751f0dd75c5605957f46f19e633d2939509f69a0585151e3dfe0c87f3a721bf6abdb540a21f69c5283e2f8bdeb"
              ],
              "cmmMaxAccounts": "8aba99fdf5014fb6058967211673b83f33128fdfa5f09bf2bfb7689903c51c6474df2b16c527c9f0eaff371864121ebe",
              "cmmPrf": "ae7dd7c2925ea3e194b5cd80ae27fb51f0d30aea24f37789c463727e6669b2f3c7ee1029012709ae5ba06282c21bc3ec"
            },
            "credId": "ab5c3a40428b5a08233bf48d4957919efa32f3fb2d0306d1a2bd4e20c1bcda2268383f20cb7138d43d951121717e586b",
            "credentialPublicKeys": {
              "keys": {
                "0": {
                  "schemeId": "Ed25519",
                  "verifyKey": "57898a213e15bb53981a612b80ea5b0eb5e114f6f283900c540afc5021cc3245"
                },
                "1": {
                  "schemeId": "Ed25519",
                  "verifyKey": "78e9f16609c19520dc9c7827812fe492988781686281a2693f0e8b050fbecc64"
                },
                "2": {
                  "schemeId": "Ed25519",
                  "verifyKey": "261da662819fb5edcfd45d6703522acb043a1499274d17c1891282cb3b84f82f"
                }
              },
              "threshold": 2
            },
            "ipIdentity": 0,
            "policy": {
              "createdAt": "202105",
              "revealedAttributes": {},
              "validTo": "202205"
            },
            "revocationThreshold": 1
          },
          "type": "normal"
        }
      }
    },
    "schemeId": "Ed25519"
  },
  {
    "accountThreshold": 1,
    "address": "3fYHckLWcVDp7Ut7TPxdtieXwpSZgehnp2Hs9Pv2JewrCkxTqZ",
    "baker": {
      "aggregationVerifyKey": "b27baafb171c18cba09a11337a4de3fadba401751c05d15eb75019ec68f8ea614278f784422605519b2a5ef864b1c249170feffe151b171ec43c327f586c8bb7f4681c8d2719e46c214347279449b11a6515f00c37fd4661090e905b721802c3",
      "bakerId": 5,
      "electionVerifyKey": "fd56e0b7a4765dbfd544b974b55a2389823e343aaf8675509a21202bd401c396",
      "restakeEarnings": true,
      "signatureVerifyKey": "890bf97265a5cecea96f3ae87df6738da2a091f7cbde15bcc26b2b1d52b9e9a6",
      "stake": "700000000000000"
    },
    "balance": "700000000000000",
    "credentials": {
      "v": 0,
      "value": {
        "0": {
          "contents": {
            "arData": {
              "1": {
                "encIdCredPubShare": "aa89ff4ee89a82774a7091040e69de096ccdd3099ca6110aff8a7d1d97bd9f4e3a237444010379e17f00bd7edcf69f5c8d3f9f08d30a88a7aee50ed3f7471d777adb8de826b61f3d1f2f9757b6348da2bc3b7ea1a5dccce94b762ca1f9fc262d"
              }
            },
            "commitments": {
              "cmmAttributes": {},
              "cmmCredCounter": "b70a062b1ddc39a8040881040205d0c0c37cc8efb8c0428a11ccfc8c193c51678807d0a54643411f2c8499df8ffd5cce",
              "cmmIdCredSecSharingCoeff": [
                "8bd447c37dbf0931ad19cae8721526431820193c52bce9821f2adc6732dbaecf219b9da9b147245db01ac217ef87772d"
              ],
              "cmmMaxAccounts": "b919176bf560d3458ed99afb81255fe33ab8a73b6271d9e0aedb9efd324b4c25a0e1a9f811177a54e5e31774a71e3451",
              "cmmPrf": "87c6e0a8a8e4e648f42b7befd53dfd1141bc72e8bf22a93d3961e8c2ed2ba27444e778e5e03cb790687ad5aa8a6493be"
            },
            "credId": "93c6d69cf10be8f589bc16912d7d0eadbba03188b129135b512e137aa33596ec34eedf271efc02d414236670b9867667",
            "credentialPublicKeys": {
              "keys": {
                "0": {
                  "schemeId": "Ed25519",
                  "verifyKey": "07569540cd36a7ca6e2ddcd944f68957a903cc1bd45fab9f869bba94577bc4b7"
                },
                "1": {
                  "schemeId": "Ed25519",
                  "verifyKey": "88a667134af132d9b1fcd043cd319b537a7223f9fb3439a963414bd85716e07e"
                },
                "2": {
                  "schemeId": "Ed25519",
                  "verifyKey": "25dce67a8a6babaafd20467fae29218b59903cdf6a46e70f64e47e97be0b5337"
                }
              },
              "threshold": 2
            },
            "ipIdentity": 0,
            "policy": {
              "createdAt": "202105",
              "revealedAttributes": {},
              "validTo": "202205"
            },
            "revocationThreshold": 1
          },
          "type": "normal"
        }
      }
    },
    "schemeId": "Ed25519"
  },
  {
    "accountThreshold": 1,
    "address": "4mExBH7B4D2fzC2NGD7KQVienkMsXeNBpie7Nba5HfrLpwCKWp",
    "baker": {
      "aggregationVerifyKey": "8436216731f65f0cdcec8635f811ca86de17005dd0b5dfb535afb715b5234ea956bde5caf50896b2dc181e72ac06c9da02cb2c9154430696914fd18b4c3ef009d297e4af2d3a0a309d6bbbdb11096cff3b23c6eb06ab264a21ced4cc9f90e0cc",
      "bakerId": 6,
      "electionVerifyKey": "f6661017915a27d0e0fad4200fc7c46ed7243a86fb01d1c4efcd87c76d407dbf",
      "restakeEarnings": true,
      "signatureVerifyKey": "d9f2e2b792ed07fc3e582c5f36bebaf0dac2688ee9dd3ca3e74ce78ed9a1f7af",
      "stake": "700000000000000"
    },
    "balance": "700000000000000",
    "credentials": {
      "v": 0,
      "value": {
        "0": {
          "contents": {
            "arData": {
              "1": {
                "encIdCredPubShare": "a71baee9296d5d77d89a59c472006c4c9289f1d93bea8ef2fc69b529a015064d736fcbdebf40fc3509465eef484c451aa1a2d16cfd3fc4d2cfcb901923702a516fac49c44d0a62b1ce1408b30a9206810701deaefb1101c6da9824ee28dfc4cb"
              }
            },
            "commitments": {
              "cmmAttributes": {},
              "cmmCredCounter": "920d23f23f611aeda341dc7c5df840adec1a412664ccf758ad2a9455d389634adf9a52a975873aa2ecaadb4eaf6486a5",
              "cmmIdCredSecSharingCoeff": [
                "8f628d37541ee5c960f291cea9ae3430ef21a3993f9730f0e550d3997caffbf724adb3be44cbe7f0875d01ff1e683941"
              ],
              "cmmMaxAccounts": "830813836735050a6e3e2901bb1b32903464e07526a50bce4a979dad9fa0b010f9d71573731cc86f715d51a13d8a6837",
              "cmmPrf": "907442fd4632c1b9c0b1104fa9bbd2f8f3f84a58fff47b916529f594142b516fbf4fb2c45e9d263c5c7129bc26180bfb"
            },
            "credId": "af2e4fcedb244d007bbf2b795f962159871ef980cf9ae552de414461179ce69343fd1350eb71acc40f39ad26c27a99ad",
            "credentialPublicKeys": {
              "keys": {
                "0": {
                  "schemeId": "Ed25519",
                  "verifyKey": "5d46260017e29bc008ea8540b8dc7003d710e287c3c1baaa1fb2a5de32ba362b"
                },
                "1": {
                  "schemeId": "Ed25519",
                  "verifyKey": "bab16d7d73d759af43db1ce3ac01d99632d67b4b80250fdfaf2b49725e03a0ce"
                },
                "2": {
                  "schemeId": "Ed25519",
                  "verifyKey": "67b1b4be1d67f2c9d53e5b6f921df58cb6827f7e429b122c67ff5ef745fd10ef"
                }
              },
              "threshold": 2
            },
            "ipIdentity": 0,
            "policy": {
              "createdAt": "202105",
              "revealedAttributes": {},
              "validTo": "202205"
            },
            "revocationThreshold": 1
          },
          "type": "normal"
        }
      }
    },
    "schemeId": "Ed25519"
  },
  {
    "accountThreshold": 1,
    "address": "3WSCvbSWi2fi89htQzzPqc9aoK9gBUdSJHy8veYQNLdhyUCXWh",
    "baker": {
      "aggregationVerifyKey": "a552b65cc9af063d288fae2a4a7a746e44cf38fc24f0bf1c7e1cd0d476de036e33f9c30de4cbac3896575c4b64cb2bfd0a9861dd28013b9860d288c19f47953b9c26c435acc2a9e50ea5795f650addd522e0396050d177370f500aeeb923f945",
      "bakerId": 7,
      "electionVerifyKey": "ddf6b3bd9d6570d40537eebbc6b71413d89ee5f9fe869fd26475fc18dfbdac44",
      "restakeEarnings": true,
      "signatureVerifyKey": "af6a7b791f7a2593eea05d2c217ab3c3bad5f5cc63ff11ca4a215af39f627af1",
      "stake": "700000000000000"
    },
    "balance": "700000000000000",
    "credentials": {
      "v": 0,
      "value": {
        "0": {
          "contents": {
            "arData": {
              "1": {
                "encIdCredPubShare": "a82ced40aeb1e2fae197c30099c146e4bb66e54092384f67f4beec5e444a9edc20c1675cf7daa61823152f9824735b7ab2ba3f37266da50b68788943dd885c05107f50be93c98cb6f9efc8f8cfe48cf5f1acddb01e927d592e6c45cbdffae45a"
              }
            },
            "commitments": {
              "cmmAttributes": {},
              "cmmCredCounter": "a5c477891be7a410dedd14811c4975d7791f1f1cbc0afdbc32a76cb80f3021bee16bba41e7be6dbcb73847414a18d1ef",
              "cmmIdCredSecSharingCoeff": [
                "b5cf2ad9c3599db3e4fc85501934c208586566966d6e20b9d10fd8f461ec6b300528468111938c2a601126f09c691fad"
              ],
              "cmmMaxAccounts": "b1fd33d4ba209f2ea4c3019f11d03a2225cb596dd1fbaf355989dda2b67077fc90affd6820c0b2f6cec297a5a5346c14",
              "cmmPrf": "aa5c02652dbe9a2025e87d1f8e092515791617cd1bd7577ac08400bb193b910db9e084c06ee0288ec51d3deb1de3f505"
            },
            "credId": "82a3b60efbd4aa78167c43eea83253afcc83d5a97568d0d912afd31d2f5278ba0e0a6b12a999c4c942390dd419912f48",
            "credentialPublicKeys": {
              "keys": {
                "0": {
                  "schemeId": "Ed25519",
                  "verifyKey": "0a4730f034c1fcabb2801fb4b5e6768200bda1b8f6a49f731a2a53c6c0c77d3a"
                },
                "1": {
                  "schemeId": "Ed25519",
                  "verifyKey": "5c30605f075a22264996f5d38dba70f108b58d49808947225f675ec137364c32"
                },
                "2": {
                  "schemeId": "Ed25519",
                  "verifyKey": "518b29fa8fcf9a6c44e45c3f333cf336844d3fbd71eade1fe38c849c624f9c35"
                }
              },
              "threshold": 2
            },
            "ipIdentity": 0,
            "policy": {
              "createdAt": "202105",
              "revealedAttributes": {},
              "validTo": "202205"
            },
            "revocationThreshold": 1
          },
          "type": "normal"
        }
      }
    },
    "schemeId": "Ed25519"
  },
  {
    "accountThreshold": 1,
    "address": "3KoNZL5xiFNpCyAvQnAZKNyB7NSxjZtBUdmoZhHXpHreY2Fvb4",
    "baker": {
      "aggregationVerifyKey": "8c2649b7355a6e41a961ca2d7beff8bb947a9ee147a5a8d98f4ea848106b20e56f2781277e2b5537906c2e5bd88ddea90076995806183e2f3bc232d2b9d356e3125266caaf5516a0ee5948294024859f7b7fba4c22b8a900992e4912b7d1b049",
      "bakerId": 8,
      "electionVerifyKey": "1bb965bd6af7f70a42495b1fcdd77a794b9ffd406ced9a206e98713b144d29b6",
      "restakeEarnings": true,
      "signatureVerifyKey": "b58163eafb4221408b956791bb6b2e0edd6157b62e4d63ef233fe2cf873cea68",
      "stake": "700000000000000"
    },
    "balance": "700000000000000",
    "credentials": {
      "v": 0,
      "value": {
        "0": {
          "contents": {
            "arData": {
              "1": {
                "encIdCredPubShare": "8ea532498cea09037860225fc4cfcef0da6692d519208a776faf347ce221ac1a38b50b90ae89ed250936b08c168e0d6990208cd416066c8ca85e417d36a783da39dddc2217b6a26e6510f7222f016352940c73429daa959d45993ebd6d79a578"
              }
            },
            "commitments": {
              "cmmAttributes": {},
              "cmmCredCounter": "95ce7d42e23032b15628054fc0ee66aa82cba2920d6bc6b3830ec589d5c1a98ebed312d817e9b1f1e500e0fd9f02ecf3",
              "cmmIdCredSecSharingCoeff": [
                "a8ef3f3d839410c2e54ca7eff74fbffdd9ec3f01ecf7c261908044d9ee7a6a9f3f4228b07023a974fed20c8f6f0e8103"
              ],
              "cmmMaxAccounts": "abf38b110a297cf92229762885d5cea61e5058886932c311d8c3b37b5d7e0e00c1c2e8ddbfa223a88e575b04cd457fb4",
              "cmmPrf": "80df2375d415fcc4f6ed8596c6384a96945d44b9a2511bc44f27c3d4fb8d9d9c687c904b2769fa93fe2d96ba8022cc80"
            },
            "credId": "9224a7c0060ebd2bfbb10fda91e1dd9fe77694b069bcf31b7ceb7192d4b94a2ee5a1d3646d72f4c974f5ab110d1542aa",
            "credentialPublicKeys": {
              "keys": {
                "0": {
                  "schemeId": "Ed25519",
                  "verifyKey": "5d4911e9ed136d1768b83e5e782378751ccb0cac7928f43acc95a3fe973f07bb"
                },
                "1": {
                  "schemeId": "Ed25519",
                  "verifyKey": "09ce232c576de0cd1ae56465180c958a0bee01ef7f3d0cddc79f2ddfe805650d"
                },
                "2": {
                  "schemeId": "Ed25519",
                  "verifyKey": "23d43f512d79386403eaead383961871fab6f84b09d9694579f567fd0ba3576c"
                }
              },
              "threshold": 2
            },
            "ipIdentity": 0,
            "policy": {
              "createdAt": "202105",
              "revealedAttributes": {},
              "validTo": "202205"
            },
            "revocationThreshold": 1
          },
          "type": "normal"
        }
      }
    },
    "schemeId": "Ed25519"
  },
  {
    "accountThreshold": 1,
    "address": "44Hva7dk3pZfw2E5CDw7sevZvMbUgTYLrYQMxTpPZtjzukUYjB",
    "baker": {
      "aggregationVerifyKey": "b2000f90f38c769d58cf8a8ba25e12bc5bade20b7920e6e267919072bde5a14370c1576f57efa32cf63ced62f5af57260aee787b24224d22929a881027222ef06c03f11b3a0b3d372c0b3042e4f63ea72af5c023fc029fe15317caf1b2aa2193",
      "bakerId": 9,
      "electionVerifyKey": "b56ef9c95ad0bbe748c3d7eb11120639eb3a2dc44ec406322d2e9454c5b897c1",
      "restakeEarnings": true,
      "signatureVerifyKey": "3e061027d6b120cac88d75ba127f3579ce721f66a12ce07b2c3272f343db5340",
      "stake": "700000000000000"
    },
    "balance": "700000000000000",
    "credentials": {
      "v": 0,
      "value": {
        "0": {
          "contents": {
            "arData": {
              "1": {
                "encIdCredPubShare": "b93e00950f4d58985dd24c5b02309a5ba253b155197536f5f559a56d393ac5a4469471d284e292f131a886bd00cb78e8a7be2a9dcc838bc885f062ee7b064cf4b963d0e310311f2203fd67423718b5e42ae6a661c84eb77c6c68e59c49a381df"
              }
            },
            "commitments": {
              "cmmAttributes": {},
              "cmmCredCounter": "9637c59385890b71f1d1ba4a2bc28ed1068e1cfcb55ac3cb18273032d730bcf856d2ecb9d11ece57376be3ef79ba6807",
              "cmmIdCredSecSharingCoeff": [
                "97b5d932ca06ae077f559155b46080b507a5f1baa2fc8cc0cef5b9a62f55f1a664cf8effe3ab579cbf6bffcae4be4352"
              ],
              "cmmMaxAccounts": "adee848f0c7984e0cc4f4fa06b932eaa2c52b1db061a6357fddefa2b80bfc8af2a379280707d093a4665a17daed271a8",
              "cmmPrf": "89ab7c0de85e21261428caad901d389b094deec0ce2b07ad2aaa0c4d702b5d0ad78374a1d48beca6487df83b5737044e"
            },
            "credId": "a00cb21b1e036b547d871707b78ae96bd6068e77fbaa0b73b86b3812e8e4049546e16800b5619a0e56abebb530278f01",
            "credentialPublicKeys": {
              "keys": {
                "0": {
                  "schemeId": "Ed25519",
                  "verifyKey": "790a8a8e63d9f17fc52b7656fb05e4fbffd87c2f75f6bedd8d5ef23aeff623dc"
                },
                "1": {
                  "schemeId": "Ed25519",
                  "verifyKey": "a860452dfca5648663fbb2d5141cc87bf577ad1bfb004d2a1bf0d31f1bd626d4"
                },
                "2": {
                  "schemeId": "Ed25519",
                  "verifyKey": "e20adae3c91a3e4ca9b3f0e9c790031b7dc577860b4015ce57bd3d94cc0b5568"
                }
              },
              "threshold": 2
            },
            "ipIdentity": 0,
            "policy": {
              "createdAt": "202105",
              "revealedAttributes": {},
              "validTo": "202205"
            },
            "revocationThreshold": 1
          },
          "type": "normal"
        }
      }
    },
    "schemeId": "Ed25519"
  }
]