{
  "accountKeys": {
    "keys": {
      "0": {
        "keys": {
          "0": {
            "signKey": "581cf09774dd573566f7bef09c3c5be3e2afad4e67c96ad75e510a8dc5315a62",
            "verifyKey": "57898a213e15bb53981a612b80ea5b0eb5e114f6f283900c540afc5021cc3245"
          },
          "1": {
            "signKey": "33a7477aeeb15915a7c23e59167923e6610fa7a902f85c28f9ec1a50b18c7fb4",
            "verifyKey": "78e9f16609c19520dc9c7827812fe492988781686281a2693f0e8b050fbecc64"
          },
          "2": {
            "signKey": "751e11a36492dec03201d4f08879176fa4ced8f07c7a899b0ac84ac230cccd30",
            "verifyKey": "261da662819fb5edcfd45d6703522acb043a1499274d17c1891282cb3b84f82f"
          }
        },
        "threshold": 2
      }
    },
    "threshold": 1
  },
  "aci": {
    "credentialHolderInformation": {
      "idCredSecret": "5945c752dd3b8560c50939eb71777b1fb7705bd56ca09e8ef814422cdf898b92"
    },
    "prfKey": "53482620cb0b40c5d4fef40153a468295ae7c0a9bfccf9c14cde95c0394a5da0"
  },
  "address": "46hs9HFuYEt5Gq8bKn7ZMpMUUYvTMbfqfqUtPJqqQF3mVFGKeH",
  "credentials": {
    "v": 0,
    "value": {
      "0": {
        "contents": {
          "arData": {
            "1": {
              "encIdCredPubShare": "a9eb621e4140ed66eb5710eae12118483f18bce85cda1e4e206dda30db504430fc8ae9e83a4960b1e2b41fd956a7a539a2ea28c21b737c9075a6193fa4a700969ec929d544d128ce9f2aa533f73d4f89df7312e9940cf404e4ea75073274a458"
            }
          },
          "commitments": {
            "cmmAttributes": {},
            "cmmCredCounter": "b82cd344d1ab38a19bc08d6ef80d9901ae083d8da7a5488ee9eb147ad9b2d8d434db492fb988c4a46ffe2788e63403a7",
            "cmmIdCredSecSharingCoeff": [
              "9549fd751f0dd75c5605957f46f19e633d2939509f69a0585151e3dfe0c87f3a721bf6abdb540a21f69c5283e2f8bdeb"
            ],
            "cmmMaxAccounts": "8aba99fdf5014fb6058967211673b83f33128fdfa5f09bf2bfb7689903c51c6474df2b16c527c9f0eaff371864121ebe",
            "cmmPrf": "ae7dd7c2925ea3e194b5cd80ae27fb51f0d30aea24f37789c463727e6669b2f3c7ee1029012709ae5ba06282c21bc3ec"
          },
          "credId": "ab5c3a40428b5a08233bf48d4957919efa32f3fb2d0306d1a2bd4e20c1bcda2268383f20cb7138d43d951121717e586b",
          "credentialPublicKeys": {
            "keys": {
              "0": {
                "schemeId": "Ed25519",
                "verifyKey": "57898a213e15bb53981a612b80ea5b0eb5e114f6f283900c540afc5021cc3245"
              },
              "1": {
                "schemeId": "Ed25519",
                "verifyKey": "78e9f16609c19520dc9c7827812fe492988781686281a2693f0e8b050fbecc64"
              },
              "2": {
                "schemeId": "Ed25519",
                "verifyKey": "261da662819fb5edcfd45d6703522acb043a1499274d17c1891282cb3b84f82f"
              }
            },
            "threshold": 2
          },
          "ipIdentity": 0,
          "policy": {
            "createdAt": "202105",
            "revealedAttributes": {},
            "validTo": "202205"
          },
          "revocationThreshold": 1
        },
        "type": "normal"
      }
    }
  },
  "encryptionPublicKey": "b14cbfe44a02c6b1f78711176d5f437295367aa4f2a8c2551ee10d25a03adc69d61a332a058971919dad7312e1fc94c5ab5c3a40428b5a08233bf48d4957919efa32f3fb2d0306d1a2bd4e20c1bcda2268383f20cb7138d43d951121717e586b",
  "encryptionSecretKey": "b14cbfe44a02c6b1f78711176d5f437295367aa4f2a8c2551ee10d25a03adc69d61a332a058971919dad7312e1fc94c54303ff33627f349845006c4fb14aff23279bdd062533a6937a0192cb0cce3860"
}