{
  "accountKeys": {
    "keys": {
      "0": {
        "keys": {
          "0": {
            "signKey": "3b314775345725c47b3cbb6b14d9bdb99cf59aad040c179d93fcf7b6350b317a",
            "verifyKey": "9fa3a0c575ea0e719817ba4ed621ef35071bad99707374db313ef937da630b9c"
          },
          "1": {
            "signKey": "a96a09c3b91f9ab497508b3e5810bdf30a163a8a34c73c40861c8c168cb11c49",
            "verifyKey": "0c467e01f06201affb0285e913801413bb60026932b5440d014b13ef42d8bc0f"
          },
          "2": {
            "signKey": "cc4968c39d4ed3c630159198d2f59ee97092670ef5dbac8a881a716ab9dc571f",
            "verifyKey": "d9e906902794fc5d7562ea5840454accefdf68b867061289d3cccbca2682c01a"
          }
        },
        "threshold": 2
      }
    },
    "threshold": 1
  },
  "aci": {
    "credentialHolderInformation": {
      "idCredSecret": "3d376d08633939c748173f385d5b0c6c5fe7d7ca9777474dc62082d6eb57c693"
    },
    "prfKey": "384234fddb68980852ce9f5af5da82d429b3d77f0b3acc7730dd3c583e4d8ba2"
  },
  "address": "38rQoCqvUkfVQ1fTwVPLBgjLkkZ8x79HozGYsWsZmtCyipiMnp",
  "credentials": {
    "v": 0,
    "value": {
      "0": {
        "contents": {
          "arData": {
            "1": {
              "encIdCredPubShare": "8a1e87e59773455fceaa347553f17b8ab1d4f07f334015728f8d250a4922aa0447f672dd58146de6b95494f760afcac99238c8ce36b6f62d176c67b71cdce6d4bd9e547818d9fb529461eddc2189831e23b55b3c8479d0961200175f022cbcff"
            }
          },
          "commitments": {
            "cmmAttributes": {},
            "cmmCredCounter": "916a0bba6c3ee4e15edb353b01a6ef0e3c84c0e92fc5ebab1e39dfe8c58e0956ac6906e2af988cd035e4bcf00822f017",
            "cmmIdCredSecSharingCoeff": [
              "a5ddf402ee13a633517a67d74a588830fca02a02cd336abd40d1ca00b597e8880f2117a37351159144aaebf4f25bc902"
            ],
            "cmmMaxAccounts": "ad654bb950ac609eb487819678a07f81291cc9e5a822e67e30a9551da128e988b78c33706e113fdb5f0afe7e564fd4d4",
            "cmmPrf": "a5b37fbedc21af8d61923d5e92e31c33690ee890de9f07c6ff6cddc054dedcda9bed024967a3282be9547a242596d4b6"
          },
          "credId": "a789296da71de8d4d162b6c798543f066b5c07fa8e1736be445213e1c8a5407faae6dd69e8cfc7f3f6807079d75d1aa1",
          "credentialPublicKeys": {
            "keys": {
              "0": {
                "schemeId": "Ed25519",
                "verifyKey": "9fa3a0c575ea0e719817ba4ed621ef35071bad99707374db313ef937da630b9c"
              },
              "1": {
                "schemeId": "Ed25519",
                "verifyKey": "0c467e01f06201affb0285e913801413bb60026932b5440d014b13ef42d8bc0f"
              },
              "2": {
                "schemeId": "Ed25519",
                "verifyKey": "d9e906902794fc5d7562ea5840454accefdf68b867061289d3cccbca2682c01a"
              }
            },
            "threshold": 2
          },
          "ipIdentity": 0,
          "policy": {
            "createdAt": "202105",
            "revealedAttributes": {},
            "validTo": "202205"
          },
          "revocationThreshold": 1
        },
        "type": "normal"
      }
    }
  },
  "encryptionPublicKey": "b14cbfe44a02c6b1f78711176d5f437295367aa4f2a8c2551ee10d25a03adc69d61a332a058971919dad7312e1fc94c5a789296da71de8d4d162b6c798543f066b5c07fa8e1736be445213e1c8a5407faae6dd69e8cfc7f3f6807079d75d1aa1",
  "encryptionSecretKey": "b14cbfe44a02c6b1f78711176d5f437295367aa4f2a8c2551ee10d25a03adc69d61a332a058971919dad7312e1fc94c52fa9be5e76d545e6f360bf448857cc6c68c8c11ee76e2a0ce94daf00c738630e"
}