{
  "accountKeys": {
    "keys": {
      "0": {
        "keys": {
          "0": {
            "signKey": "8ebc2564e6e9521b4e54e7cb2b4c710b681dc37887248247710b6c2a26029872",
            "verifyKey": "5f5e0c54880c54d4e03cf7e80041ebb0925c65d068c0ada04782465922e40300"
          },
          "1": {
            "signKey": "c94d05f61bf7ac3c068cbe5f0270dbf3aaaa0dd457fefe9886682991f9c65170",
            "verifyKey": "e7503c4a52516cb9adf00242d916b50a9542eedf40e3d4cde8db096fa342b228"
          },
          "2": {
            "signKey": "b24409fe671e18e359fe86b840673b0ff0c081534e745b7d1441bd6a95399ad3",
            "verifyKey": "746ab270d11ecc9d2c8126982374d110b7d9a6452c7c6f5382d4717c2d6f59c9"
          }
        },
        "threshold": 2
      }
    },
    "threshold": 1
  },
  "aci": {
    "credentialHolderInformation": {
      "idCredSecret": "5a3a7deb3660760d44c97b35987ad41d84973fa9b131735ce28d6424002f1581"
    },
    "prfKey": "0f9b50c1d7afb3749ed070b8b3ee584ae70ba918cfb46c8d44319db933b0c4a4"
  },
  "address": "3Ug5rCqAN2z17MqAyh5KUGDpv6k9eSHu8AN8jCgbmAxmjcu5TM",
  "credentials": {
    "v": 0,
    "value": {
      "0": {
        "contents": {
          "arData": {
            "1": {
              "encIdCredPubShare": "a9c2b64709780f553805837c088eba182ad6b92318c6f8de9f1bd6953c49a7d8c16cd3debf4709ab8e98d7bf09eabc2593d2a38bc5e48586612164d5a22dd3198bcfc714f59a678c9000e3dc4c7412278633d9996436e2be4c5276747578db74"
            }
          },
          "commitments": {
            "cmmAttributes": {},
            "cmmCredCounter": "9306f0d332ed1bc5a7a20a1934731e3a7784045a6647f82dcc0674741facaa6c7cb0a94edd82aa33ec03bdc3ad649644",
            "cmmIdCredSecSharingCoeff": [
              "95af565e67feadadd2cfa1afddbd89a4a1978d26a73367ff1a7c0727528bbe1ff952e460482104470dfc67ad66f6a972"
            ],
            "cmmMaxAccounts": "b922ed52fb8e5c9b7ebfb79eefbd36aa64503a657a4fa29b354578e7933e79a50de5d9278206329b7a9a8232fca0d725",
            "cmmPrf": "a99962b0da99150e7b4641c2195dbe668536a5bfc18810b786cbcac79f320250e3b16b098708bece180aa4ce2fce4981"
          },
          "credId": "913db486cccc09300d0787f7e457db542481dce3d4d2d7644bb24b86f45095cf155dcdf107162cb338fd2332d0f68ce7",
          "credentialPublicKeys": {
            "keys": {
              "0": {
                "schemeId": "Ed25519",
                "verifyKey": "5f5e0c54880c54d4e03cf7e80041ebb0925c65d068c0ada04782465922e40300"
              },
              "1": {
                "schemeId": "Ed25519",
                "verifyKey": "e7503c4a52516cb9adf00242d916b50a9542eedf40e3d4cde8db096fa342b228"
              },
              "2": {
                "schemeId": "Ed25519",
                "verifyKey": "746ab270d11ecc9d2c8126982374d110b7d9a6452c7c6f5382d4717c2d6f59c9"
              }
            },
            "threshold": 2
          },
          "ipIdentity": 0,
          "policy": {
            "createdAt": "202105",
            "revealedAttributes": {},
            "validTo": "202205"
          },
          "revocationThreshold": 1
        },
        "type": "normal"
      }
    }
  },
  "encryptionPublicKey": "b14cbfe44a02c6b1f78711176d5f437295367aa4f2a8c2551ee10d25a03adc69d61a332a058971919dad7312e1fc94c5913db486cccc09300d0787f7e457db542481dce3d4d2d7644bb24b86f45095cf155dcdf107162cb338fd2332d0f68ce7",
  "encryptionSecretKey": "b14cbfe44a02c6b1f78711176d5f437295367aa4f2a8c2551ee10d25a03adc69d61a332a058971919dad7312e1fc94c5717d61aa3789570ce6e91fe2ca63b999ea861e8e057fc6ad20adaa42f14ac2b8"
}