{
  "accountKeys": {
    "keys": {
      "0": {
        "keys": {
          "0": {
            "signKey": "9a63206a33bd9589f81f2a3566d2c9869fca798e0a3866380b367126bc78e788",
            "verifyKey": "5d46260017e29bc008ea8540b8dc7003d710e287c3c1baaa1fb2a5de32ba362b"
          },
          "1": {
            "signKey": "5099b0cbc51cb866721be182873977cd956a16be885edf0c99285636c2f30f4e",
            "verifyKey": "bab16d7d73d759af43db1ce3ac01d99632d67b4b80250fdfaf2b49725e03a0ce"
          },
          "2": {
            "signKey": "840357dad10c20f8983ec3923c32bdf738089b3e3dad3daac0a9649245787510",
            "verifyKey": "67b1b4be1d67f2c9d53e5b6f921df58cb6827f7e429b122c67ff5ef745fd10ef"
          }
        },
        "threshold": 2
      }
    },
    "threshold": 1
  },
  "aci": {
    "credentialHolderInformation": {
      "idCredSecret": "4e5ef00a061ab7330c92f3b465d42a6f42a025a1246053c61c896e10b373ae42"
    },
    "prfKey": "0d7071fe504a1a2706fa9b883fbaf17e834a042350ec69c92721dd543f479db0"
  },
  "address": "4mExBH7B4D2fzC2NGD7KQVienkMsXeNBpie7Nba5HfrLpwCKWp",
  "credentials": {
    "v": 0,
    "value": {
      "0": {
        "contents": {
          "arData": {
            "1": {
              "encIdCredPubShare": "a71baee9296d5d77d89a59c472006c4c9289f1d93bea8ef2fc69b529a015064d736fcbdebf40fc3509465eef484c451aa1a2d16cfd3fc4d2cfcb901923702a516fac49c44d0a62b1ce1408b30a9206810701deaefb1101c6da9824ee28dfc4cb"
            }
          },
          "commitments": {
            "cmmAttributes": {},
            "cmmCredCounter": "920d23f23f611aeda341dc7c5df840adec1a412664ccf758ad2a9455d389634adf9a52a975873aa2ecaadb4eaf6486a5",
            "cmmIdCredSecSharingCoeff": [
              "8f628d37541ee5c960f291cea9ae3430ef21a3993f9730f0e550d3997caffbf724adb3be44cbe7f0875d01ff1e683941"
            ],
            "cmmMaxAccounts": "830813836735050a6e3e2901bb1b32903464e07526a50bce4a979dad9fa0b010f9d71573731cc86f715d51a13d8a6837",
            "cmmPrf": "907442fd4632c1b9c0b1104fa9bbd2f8f3f84a58fff47b916529f594142b516fbf4fb2c45e9d263c5c7129bc26180bfb"
          },
          "credId": "af2e4fcedb244d007bbf2b795f962159871ef980cf9ae552de414461179ce69343fd1350eb71acc40f39ad26c27a99ad",
          "credentialPublicKeys": {
            "keys": {
              "0": {
                "schemeId": "Ed25519",
                "verifyKey": "5d46260017e29bc008ea8540b8dc7003d710e287c3c1baaa1fb2a5de32ba362b"
              },
              "1": {
                "schemeId": "Ed25519",
                "verifyKey": "bab16d7d73d759af43db1ce3ac01d99632d67b4b80250fdfaf2b49725e03a0ce"
              },
              "2": {
                "schemeId": "Ed25519",
                "verifyKey": "67b1b4be1d67f2c9d53e5b6f921df58cb6827f7e429b122c67ff5ef745fd10ef"
              }
            },
            "threshold": 2
          },
          "ipIdentity": 0,
          "policy": {
            "createdAt": "202105",
            "revealedAttributes": {},
            "validTo": "202205"
          },
          "revocationThreshold": 1
        },
        "type": "normal"
      }
    }
  },
  "encryptionPublicKey": "b14cbfe44a02c6b1f78711176d5f437295367aa4f2a8c2551ee10d25a03adc69d61a332a058971919dad7312e1fc94c5af2e4fcedb244d007bbf2b795f962159871ef980cf9ae552de414461179ce69343fd1350eb71acc40f39ad26c27a99ad",
  "encryptionSecretKey": "b14cbfe44a02c6b1f78711176d5f437295367aa4f2a8c2551ee10d25a03adc69d61a332a058971919dad7312e1fc94c55018d23264a3e9b59bf9d8d8721a08dfc4dc445982e76416e4fefa556fa8ade8"
}