{
  "accountKeys": {
    "keys": {
      "0": {
        "keys": {
          "0": {
            "signKey": "7940831844cfe7ce01ec5ceefad0c0f13dc66c140db2707826429c4c23a05d1b",
            "verifyKey": "07569540cd36a7ca6e2ddcd944f68957a903cc1bd45fab9f869bba94577bc4b7"
          },
          "1": {
            "signKey": "a1bf80fe7f313fb4542966f3752a5d9759f58f863b33f8c3a978065f574146d8",
            "verifyKey": "88a667134af132d9b1fcd043cd319b537a7223f9fb3439a963414bd85716e07e"
          },
          "2": {
            "signKey": "da05bf1a3f4f10758d41f335307f9b93b1a3d1b93b72ed63a0430b77bfb86cb6",
            "verifyKey": "25dce67a8a6babaafd20467fae29218b59903cdf6a46e70f64e47e97be0b5337"
          }
        },
        "threshold": 2
      }
    },
    "threshold": 1
  },
  "aci": {
    "credentialHolderInformation": {
      "idCredSecret": "41cf5b97b9980769dd04e48d7443267f4412411f565813da76c6206e4814c673"
    },
    "prfKey": "1926fd2638ace8f4db269734b4167e3d7f9c5f5d28c297400b6d2db79b1a5b4a"
  },
  "address": "3fYHckLWcVDp7Ut7TPxdtieXwpSZgehnp2Hs9Pv2JewrCkxTqZ",
  "credentials": {
    "v": 0,
    "value": {
      "0": {
        "contents": {
          "arData": {
            "1": {
              "encIdCredPubShare": "aa89ff4ee89a82774a7091040e69de096ccdd3099ca6110aff8a7d1d97bd9f4e3a237444010379e17f00bd7edcf69f5c8d3f9f08d30a88a7aee50ed3f7471d777adb8de826b61f3d1f2f9757b6348da2bc3b7ea1a5dccce94b762ca1f9fc262d"
            }
          },
          "commitments": {
            "cmmAttributes": {},
            "cmmCredCounter": "b70a062b1ddc39a8040881040205d0c0c37cc8efb8c0428a11ccfc8c193c51678807d0a54643411f2c8499df8ffd5cce",
            "cmmIdCredSecSharingCoeff": [
              "8bd447c37dbf0931ad19cae8721526431820193c52bce9821f2adc6732dbaecf219b9da9b147245db01ac217ef87772d"
            ],
            "cmmMaxAccounts": "b919176bf560d3458ed99afb81255fe33ab8a73b6271d9e0aedb9efd324b4c25a0e1a9f811177a54e5e31774a71e3451",
            "cmmPrf": "87c6e0a8a8e4e648f42b7befd53dfd1141bc72e8bf22a93d3961e8c2ed2ba27444e778e5e03cb790687ad5aa8a6493be"
          },
          "credId": "93c6d69cf10be8f589bc16912d7d0eadbba03188b129135b512e137aa33596ec34eedf271efc02d414236670b9867667",
          "credentialPublicKeys": {
            "keys": {
              "0": {
                "schemeId": "Ed25519",
                "verifyKey": "07569540cd36a7ca6e2ddcd944f68957a903cc1bd45fab9f869bba94577bc4b7"
              },
              "1": {
                "schemeId": "Ed25519",
                "verifyKey": "88a667134af132d9b1fcd043cd319b537a7223f9fb3439a963414bd85716e07e"
              },
              "2": {
                "schemeId": "Ed25519",
                "verifyKey": "25dce67a8a6babaafd20467fae29218b59903cdf6a46e70f64e47e97be0b5337"
              }
            },
            "threshold": 2
          },
          "ipIdentity": 0,
          "policy": {
            "createdAt": "202105",
            "revealedAttributes": {},
            "validTo": "202205"
          },
          "revocationThreshold": 1
        },
        "type": "normal"
      }
    }
  },
  "encryptionPublicKey": "b14cbfe44a02c6b1f78711176d5f437295367aa4f2a8c2551ee10d25a03adc69d61a332a058971919dad7312e1fc94c593c6d69cf10be8f589bc16912d7d0eadbba03188b129135b512e137aa33596ec34eedf271efc02d414236670b9867667",
  "encryptionSecretKey": "b14cbfe44a02c6b1f78711176d5f437295367aa4f2a8c2551ee10d25a03adc69d61a332a058971919dad7312e1fc94c570a6ead0e0f58e14068d7a21544256d1cf16deacd6b9aeb657891925c0ea0484"
}