{
  "accountKeys": {
    "keys": {
      "0": {
        "keys": {
          "0": {
            "signKey": "43f8848d6a3e6b2825ca1321b80ef30dd0c78786c87e4c7897fb18fec0694686",
            "verifyKey": "a6d57912cd3c1a8efd721ffd09d0fd0145a1ef86ba8ee756f5987ce27e5f209f"
          },
          "1": {
            "signKey": "13e71684b43a99ee65f08e3aa2dadcde1dbecbcadee38a9ab27d28243d77b990",
            "verifyKey": "9858589a4090cda26d35dfb611418549c7ff7d7d36c18ce65ca7327f5bb59fa6"
          },
          "2": {
            "signKey": "cecfe986dc629a003e26415b89a8e3035a5c19f2f3a160c6db264b77093f2bff",
            "verifyKey": "0c7e2969d485e30db43e701b46cc6bb0ea2f94c125b7f77959298df9e4eef3d8"
          }
        },
        "threshold": 2
      }
    },
    "threshold": 1
  },
  "aci": {
    "credentialHolderInformation": {
      "idCredSecret": "5601601c2b67430ff7c33c6e2d2a3563d8345441a3917ebd79e5f0e279eac180"
    },
    "prfKey": "1c56f0837bf682185dc5a116048c1e17ca189c10de88202edd24092d0fbab56c"
  },
  "address": "4hXCdgNTxgM7LNm8nFJEfjDhEcyjjqQnPSRyBS9QgmHKQVxKRf",
  "credentials": {
    "v": 0,
    "value": {
      "0": {
        "contents": {
          "arData": {
            "1": {
              "encIdCredPubShare": "8abb5597bb5bee44e874521bf91420383e16a7a45fdb511324089dcee79d47ccbe7ba2f1fc41278ad93dc9e9e531b8c9a2c9fe21b717933491f15be099ba593eeb4facdc2ebca82aa4704e228cf06a300414150bfc82587381e8a6900d3e3ab6"
            }
          },
          "commitments": {
            "cmmAttributes": {},
            "cmmCredCounter": "b3a1e33cd71f281c13e499a3a5458440a6d1cb49b32e54b1f0f40f242bc21bb05d3d304a8382dea757b7ee34ebf28b9b",
            "cmmIdCredSecSharingCoeff": [
              "a73697c68a950b3caa2333b98bcf1093b2af6212630988ca51b0ed9f805804339641d39689aed59a0f3ae7eccdc3aed4"
            ],
            "cmmMaxAccounts": "8136e35171b00ea5e87c52f017e1209c3b6b2a0a0f276876664f8f20e4d1e614b357c2ba34b7769747184187563b227a",
            "cmmPrf": "909223a43a839eaf0f6d19d4fa484b9d28d756c0474e47483c61061788cfede7d838c1e67961e4a146880982112ca807"
          },
          "credId": "8dacd287a1f9bb0e8c0b88206f3898ccb59ee5fc68811987a978ec023042150a1bf17b59e447a36c07c8537793fb3785",
          "credentialPublicKeys": {
            "keys": {
              "0": {
                "schemeId": "Ed25519",
                "verifyKey": "a6d57912cd3c1a8efd721ffd09d0fd0145a1ef86ba8ee756f5987ce27e5f209f"
              },
              "1": {
                "schemeId": "Ed25519",
                "verifyKey": "9858589a4090cda26d35dfb611418549c7ff7d7d36c18ce65ca7327f5bb59fa6"
              },
              "2": {
                "schemeId": "Ed25519",
                "verifyKey": "0c7e2969d485e30db43e701b46cc6bb0ea2f94c125b7f77959298df9e4eef3d8"
              }
            },
            "threshold": 2
          },
          "ipIdentity": 0,
          "policy": {
            "createdAt": "202105",
            "revealedAttributes": {},
            "validTo": "202205"
          },
          "revocationThreshold": 1
        },
        "type": "normal"
      }
    }
  },
  "encryptionPublicKey": "b14cbfe44a02c6b1f78711176d5f437295367aa4f2a8c2551ee10d25a03adc69d61a332a058971919dad7312e1fc94c58dacd287a1f9bb0e8c0b88206f3898ccb59ee5fc68811987a978ec023042150a1bf17b59e447a36c07c8537793fb3785",
  "encryptionSecretKey": "b14cbfe44a02c6b1f78711176d5f437295367aa4f2a8c2551ee10d25a03adc69d61a332a058971919dad7312e1fc94c53a69484c767861d019c47af4ff8fa9f8b9f5e3cf8cf1f5ef4130e5a09b198e18"
}