{
  "accountKeys": {
    "keys": {
      "0": {
        "keys": {
          "0": {
            "signKey": "8f1e8a5b9ef1ed9a03b4676f40ec83518b57b24344594cab063256f682bd5d26",
            "verifyKey": "0a4730f034c1fcabb2801fb4b5e6768200bda1b8f6a49f731a2a53c6c0c77d3a"
          },
          "1": {
            "signKey": "d502bcce95080ee669cc62a2908e948ad3c7c07fe134ff35386035e1def5e261",
            "verifyKey": "5c30605f075a22264996f5d38dba70f108b58d49808947225f675ec137364c32"
          },
          "2": {
            "signKey": "5cc2d6dbe26f9b6790f150f86cbc184659bc339520876675b0546e940ba42846",
            "verifyKey": "518b29fa8fcf9a6c44e45c3f333cf336844d3fbd71eade1fe38c849c624f9c35"
          }
        },
        "threshold": 2
      }
    },
    "threshold": 1
  },
  "aci": {
    "credentialHolderInformation": {
      "idCredSecret": "31f8699487e10b7ad53b92f3a2e124938d0ece64b84072d7f6a34bd72bbab73d"
    },
    "prfKey": "27bcdc747fd3f1fc81c317061a7f6ad3864449979362c22c7c494a1f12501184"
  },
  "address": "3WSCvbSWi2fi89htQzzPqc9aoK9gBUdSJHy8veYQNLdhyUCXWh",
  "credentials": {
    "v": 0,
    "value": {
      "0": {
        "contents": {
          "arData": {
            "1": {
              "encIdCredPubShare": "a82ced40aeb1e2fae197c30099c146e4bb66e54092384f67f4beec5e444a9edc20c1675cf7daa61823152f9824735b7ab2ba3f37266da50b68788943dd885c05107f50be93c98cb6f9efc8f8cfe48cf5f1acddb01e927d592e6c45cbdffae45a"
            }
          },
          "commitments": {
            "cmmAttributes": {},
            "cmmCredCounter": "a5c477891be7a410dedd14811c4975d7791f1f1cbc0afdbc32a76cb80f3021bee16bba41e7be6dbcb73847414a18d1ef",
            "cmmIdCredSecSharingCoeff": [
              "b5cf2ad9c3599db3e4fc85501934c208586566966d6e20b9d10fd8f461ec6b300528468111938c2a601126f09c691fad"
            ],
            "cmmMaxAccounts": "b1fd33d4ba209f2ea4c3019f11d03a2225cb596dd1fbaf355989dda2b67077fc90affd6820c0b2f6cec297a5a5346c14",
            "cmmPrf": "aa5c02652dbe9a2025e87d1f8e092515791617cd1bd7577ac08400bb193b910db9e084c06ee0288ec51d3deb1de3f505"
          },
          "credId": "82a3b60efbd4aa78167c43eea83253afcc83d5a97568d0d912afd31d2f5278ba0e0a6b12a999c4c942390dd419912f48",
          "credentialPublicKeys": {
            "keys": {
              "0": {
                "schemeId": "Ed25519",
                "verifyKey": "0a4730f034c1fcabb2801fb4b5e6768200bda1b8f6a49f731a2a53c6c0c77d3a"
              },
              "1": {
                "schemeId": "Ed25519",
                "verifyKey": "5c30605f075a22264996f5d38dba70f108b58d49808947225f675ec137364c32"
              },
              "2": {
                "schemeId": "Ed25519",
                "verifyKey": "518b29fa8fcf9a6c44e45c3f333cf336844d3fbd71eade1fe38c849c624f9c35"
              }
            },
            "threshold": 2
          },
          "ipIdentity": 0,
          "policy": {
            "createdAt": "202105",
            "revealedAttributes": {},
            "validTo": "202205"
          },
          "revocationThreshold": 1
        },
        "type": "normal"
      }
    }
  },
  "encryptionPublicKey": "b14cbfe44a02c6b1f78711176d5f437295367aa4f2a8c2551ee10d25a03adc69d61a332a058971919dad7312e1fc94c582a3b60efbd4aa78167c43eea83253afcc83d5a97568d0d912afd31d2f5278ba0e0a6b12a999c4c942390dd419912f48",
  "encryptionSecretKey": "b14cbfe44a02c6b1f78711176d5f437295367aa4f2a8c2551ee10d25a03adc69d61a332a058971919dad7312e1fc94c508c2e13745a838363457e012dc9afddcde697f40fee2c9c4a5d4833994f45857"
}