{
  "accountKeys": {
    "keys": {
      "0": {
        "keys": {
          "0": {
            "signKey": "553440f9bc8a4a2f0bd7b787eb2190624079936392dcae4cfccb6d82dba01e95",
            "verifyKey": "e958cfae7f1eb505ada401b3d00e7b6bdb32f78f8649c3801d93572bf8c1a91d"
          },
          "1": {
            "signKey": "824ca44a8d810b78a6bdb1834969303b9d8923a2a2fcea2798afaed2e86cf1bd",
            "verifyKey": "c2e0048247f4eeca336cc9f5eb00f9942e0ae266c42e4b38006ec523c6f4f782"
          },
          "2": {
            "signKey": "c848f09448db90dc72ccb97d8723f8440b104ad7e766109db5836fad7c51bcff",
            "verifyKey": "141786ba7650244c2e45ad266f5bf45d752094ca77b2da2095af895774ca877e"
          }
        },
        "threshold": 2
      }
    },
    "threshold": 1
  },
  "aci": {
    "credentialHolderInformation": {
      "idCredSecret": "446a1fa7d641df1972109fbfd90cf4081458d198ee4e91ad086f3d034fd6e569"
    },
    "prfKey": "60331c3a962a9ee558ee17ef6e2fe674200bd5cba53750182be5cb7930262620"
  },
  "address": "4Gaw3Y44fyGzaNbG69eZyr1Q5fByMvSuQ5pKRW7xRmDzajKtMS",
  "credentials": {
    "v": 0,
    "value": {
      "0": {
        "contents": {
          "arData": {
            "1": {
              "encIdCredPubShare": "b88e2970b728b35c0d98a15ed4ef00a35246ec4eec4b6660f482203ec3a93c2f7cc3e6f7313751334fdcace5a046919a8a8f6c24579f7b6d82b2ea6a12ff02007b7dc7b034eaca035acb11efd2c6c5f14ef11269ee643d9a48afafd69c70e210"
            }
          },
          "commitments": {
            "cmmAttributes": {},
            "cmmCredCounter": "942bd0876a5127d8bd004f87add68df1a5120af5ace3799f6890eadef1fa798414a13cc3a2d3d7d842a44aac59421b9e",
            "cmmIdCredSecSharingCoeff": [
              "8060656bbd1f3a5f0c354c00f3299a658071e2c08631560ad2631ad524a6d9cafea64b2e2e5bd2b774280654f31cac60"
            ],
            "cmmMaxAccounts": "b7f6b837b3f4ab82894e26ae286cabbf63ad2e29a30b3c3efdad85ccf21b7e0b81d691d4d136891e078072efdf642361",
            "cmmPrf": "a84e44f8ed879bb9f3566c166e4f9747b4f3748f2cd96635ba84caa169ab3ffac297f2960cd6729ccbcedc67d8d0241d"
          },
          "credId": "b70b954a24e39134035facf187afb95bbf6e256f84114df0bc7fd5f1279587fed21da775dc9ce921f8198a11d5781933",
          "credentialPublicKeys": {
            "keys": {
              "0": {
                "schemeId": "Ed25519",
                "verifyKey": "e958cfae7f1eb505ada401b3d00e7b6bdb32f78f8649c3801d93572bf8c1a91d"
              },
              "1": {
                "schemeId": "Ed25519",
                "verifyKey": "c2e0048247f4eeca336cc9f5eb00f9942e0ae266c42e4b38006ec523c6f4f782"
              },
              "2": {
                "schemeId": "Ed25519",
                "verifyKey": "141786ba7650244c2e45ad266f5bf45d752094ca77b2da2095af895774ca877e"
              }
            },
            "threshold": 2
          },
          "ipIdentity": 0,
          "policy": {
            "createdAt": "202105",
            "revealedAttributes": {},
            "validTo": "202205"
          },
          "revocationThreshold": 1
        },
        "type": "normal"
      }
    }
  },
  "encryptionPublicKey": "b14cbfe44a02c6b1f78711176d5f437295367aa4f2a8c2551ee10d25a03adc69d61a332a058971919dad7312e1fc94c5b70b954a24e39134035facf187afb95bbf6e256f84114df0bc7fd5f1279587fed21da775dc9ce921f8198a11d5781933",
  "encryptionSecretKey": "b14cbfe44a02c6b1f78711176d5f437295367aa4f2a8c2551ee10d25a03adc69d61a332a058971919dad7312e1fc94c5437675531b7da13bd151e203aaca3db994d067cacc611e47d5d9760cb6fb2469"
}