{
  "accountKeys": {
    "keys": {
      "0": {
        "keys": {
          "0": {
            "signKey": "ef417d5ad57331d39fc5d5caa43648262e86ddc6e8d90ddd8e4706693b7b0ae7",
            "verifyKey": "790a8a8e63d9f17fc52b7656fb05e4fbffd87c2f75f6bedd8d5ef23aeff623dc"
          },
          "1": {
            "signKey": "d3e4124ced76a43788b5b0acce5d4f919509c8e0dbfacda0c1d1960dcbaa23cd",
            "verifyKey": "a860452dfca5648663fbb2d5141cc87bf577ad1bfb004d2a1bf0d31f1bd626d4"
          },
          "2": {
            "signKey": "8e87658b7d783da0e16a0c69a8f4da67a4a31391902e4f3e897789b10ba8fef3",
            "verifyKey": "e20adae3c91a3e4ca9b3f0e9c790031b7dc577860b4015ce57bd3d94cc0b5568"
          }
        },
        "threshold": 2
      }
    },
    "threshold": 1
  },
  "aci": {
    "credentialHolderInformation": {
      "idCredSecret": "25001ae416848ffbe3cd02d1dd3386a0594c353149f31b876855566f94dbbb4a"
    },
    "prfKey": "39ce920c1731492010c320e3b98b954b2b32565ad0320790a0b246dd5aff43d6"
  },
  "address": "44Hva7dk3pZfw2E5CDw7sevZvMbUgTYLrYQMxTpPZtjzukUYjB",
  "credentials": {
    "v": 0,
    "value": {
      "0": {
        "contents": {
          "arData": {
            "1": {
              "encIdCredPubShare": "b93e00950f4d58985dd24c5b02309a5ba253b155197536f5f559a56d393ac5a4469471d284e292f131a886bd00cb78e8a7be2a9dcc838bc885f062ee7b064cf4b963d0e310311f2203fd67423718b5e42ae6a661c84eb77c6c68e59c49a381df"
            }
          },
          "commitments": {
            "cmmAttributes": {},
            "cmmCredCounter": "9637c59385890b71f1d1ba4a2bc28ed1068e1cfcb55ac3cb18273032d730bcf856d2ecb9d11ece57376be3ef79ba6807",
            "cmmIdCredSecSharingCoeff": [
              "97b5d932ca06ae077f559155b46080b507a5f1baa2fc8cc0cef5b9a62f55f1a664cf8effe3ab579cbf6bffcae4be4352"
            ],
            "cmmMaxAccounts": "adee848f0c7984e0cc4f4fa06b932eaa2c52b1db061a6357fddefa2b80bfc8af2a379280707d093a4665a17daed271a8",
            "cmmPrf": "89ab7c0de85e21261428caad901d389b094deec0ce2b07ad2aaa0c4d702b5d0ad78374a1d48beca6487df83b5737044e"
          },
          "credId": "a00cb21b1e036b547d871707b78ae96bd6068e77fbaa0b73b86b3812e8e4049546e16800b5619a0e56abebb530278f01",
          "credentialPublicKeys": {
            "keys": {
              "0": {
                "schemeId": "Ed25519",
                "verifyKey": "790a8a8e63d9f17fc52b7656fb05e4fbffd87c2f75f6bedd8d5ef23aeff623dc"
              },
              "1": {
                "schemeId": "Ed25519",
                "verifyKey": "a860452dfca5648663fbb2d5141cc87bf577ad1bfb004d2a1bf0d31f1bd626d4"
              },
              "2": {
                "schemeId": "Ed25519",
                "verifyKey": "e20adae3c91a3e4ca9b3f0e9c790031b7dc577860b4015ce57bd3d94cc0b5568"
              }
            },
            "threshold": 2
          },
          "ipIdentity": 0,
          "policy": {
            "createdAt": "202105",
            "revealedAttributes": {},
            "validTo": "202205"
          },
          "revocationThreshold": 1
        },
        "type": "normal"
      }
    }
  },
  "encryptionPublicKey": "b14cbfe44a02c6b1f78711176d5f437295367aa4f2a8c2551ee10d25a03adc69d61a332a058971919dad7312e1fc94c5a00cb21b1e036b547d871707b78ae96bd6068e77fbaa0b73b86b3812e8e4049546e16800b5619a0e56abebb530278f01",
  "encryptionSecretKey": "b14cbfe44a02c6b1f78711176d5f437295367aa4f2a8c2551ee10d25a03adc69d61a332a058971919dad7312e1fc94c558c3c7c291bd93c44d40d9487da950b96d4d8e1dfddfaa25e6e989132c041b99"
}