{
  "accountKeys": {
    "keys": {
      "0": {
        "keys": {
          "0": {
            "signKey": "4514d33acdc0e4b7f1b74bb29ce20e8f78e96a5381bbfdc297081d579dd71053",
            "verifyKey": "660095bfc536effbfdc5bc6ed58ae10810103482ea9e4af02cb5a393c21d8fc6"
          },
          "1": {
            "signKey": "801089eba1b3e6a117bdc595ffcb26bab18514e96abee2d60d2a0b34913a05d9",
            "verifyKey": "8de8ff2a9ee861ec64db65d552a59b01bbfc41d51796c6678934ecfb518a2194"
          },
          "2": {
            "signKey": "9acb346eccbf4c09870e7cd26e369dd1e26bb7b4f807b244044153be74594c2a",
            "verifyKey": "718e85611b8c6b9e5a16d0f8d15001d5ae8f1d83a287a2d351583a71dc90c72c"
          }
        },
        "threshold": 2
      }
    },
    "threshold": 1
  },
  "aci": {
    "credentialHolderInformation": {
      "idCredSecret": "48866925b698e129168f58f292e23ee41f960200579e39b0fa793fb21516cfa3"
    },
    "prfKey": "49cc777cde137779808d167924449107539c6b52c3d86a9896fa0534c2853971"
  },
  "address": "3rsc7HNLVKnFz9vmKkAaEMVpNkFA4hZxJpZinCtUTJbBh58yYi",
  "credentials": {
    "v": 0,
    "value": {
      "0": {
        "contents": {
          "arData": {
            "1": {
              "encIdCredPubShare": "ae18d926bf3ac47c0066299ac626ce09f355349ff37f6ab5c49a00950c9093f3dc7afcd09baae6b53a3f83dcebe081e1b3e8dcd635d77014bafed54d7fe9caf29bcd7431b180913c401387b3318a64a04820893af6edd34c4c5c6fce89c08cda"
            }
          },
          "commitments": {
            "cmmAttributes": {},
            "cmmCredCounter": "840605236c6ec9f4412a523e7d294f6fcecab8463648d34c11d759075ba6188ff9e41d3025510de56a282ee7fa20b214",
            "cmmIdCredSecSharingCoeff": [
              "b55c1f40d5c097f035dca645bacdd4fb2453f689f074ebe9e1643e1d4017e070a21a710a555f19d6dc619ed41386806b"
            ],
            "cmmMaxAccounts": "8e087c155561c20966c582951d060b26f313d6ee11b16268fac61d9c5e3151e58762284a5dd7e5a1a4d244689f9d91b2",
            "cmmPrf": "b53acb8eb672a370d8303739d7afef2fa42621d5e5e5811842524961bc0a3b4f75ebe8862a7e412ca87c88a74f2aa3db"
          },
          "credId": "8519bdeb6f087a712fcdd03e3692840f97cc1542c3cf9dd2f86dd404d1483fcd1a16972527019dc929b6753d818f888f",
          "credentialPublicKeys": {
            "keys": {
              "0": {
                "schemeId": "Ed25519",
                "verifyKey": "660095bfc536effbfdc5bc6ed58ae10810103482ea9e4af02cb5a393c21d8fc6"
              },
              "1": {
                "schemeId": "Ed25519",
                "verifyKey": "8de8ff2a9ee861ec64db65d552a59b01bbfc41d51796c6678934ecfb518a2194"
              },
              "2": {
                "schemeId": "Ed25519",
                "verifyKey": "718e85611b8c6b9e5a16d0f8d15001d5ae8f1d83a287a2d351583a71dc90c72c"
              }
            },
            "threshold": 2
          },
          "ipIdentity": 0,
          "policy": {
            "createdAt": "202105",
            "revealedAttributes": {},
            "validTo": "202205"
          },
          "revocationThreshold": 1
        },
        "type": "normal"
      }
    }
  },
  "encryptionPublicKey": "b14cbfe44a02c6b1f78711176d5f437295367aa4f2a8c2551ee10d25a03adc69d61a332a058971919dad7312e1fc94c58519bdeb6f087a712fcdd03e3692840f97cc1542c3cf9dd2f86dd404d1483fcd1a16972527019dc929b6753d818f888f",
  "encryptionSecretKey": "b14cbfe44a02c6b1f78711176d5f437295367aa4f2a8c2551ee10d25a03adc69d61a332a058971919dad7312e1fc94c564d315e0d75b140dfa19d03fc8835b8928b594e39eb39bbe8f0205a88242d12e"
}