{
  "v": 0,
  "value": {
    "1": {
      "arIdentity": 1,
      "arDescription": {
        "name": "Testnet AR 1",
        "url": "",
        "description": "Testnet anonymity revoker 1"
      },
      "arPublicKey": "b14cbfe44a02c6b1f78711176d5f437295367aa4f2a8c2551ee10d25a03adc69d61a332a058971919dad7312e1fc94c58ed5281b5d117cb74068a5deef28f027c9055dd424b07043568ac040a4e51f3307f268a77eaebc36bd4bf7cdbbe238b8"
    },
    "2": {
      "arIdentity": 2,
      "arDescription": {
        "name": "Testnet AR 2",
        "url": "",
        "description": "Testnet anonymity revoker 2"
      },
      "arPublicKey": "b14cbfe44a02c6b1f78711176d5f437295367aa4f2a8c2551ee10d25a03adc69d61a332a058971919dad7312e1fc94c5aefb2334688a2ecc95e7c49e9ccbc7218b5c9e151ac22462d064f564ffa56bb8b3685fcdc8d7d8cb43f43d608e7e8515"
    },
    "3": {
      "arIdentity": 3,
      "arDescription": {
        "name": "Testnet AR 3",
        "url": "",
        "description": "Testnet anonymity revoker 3"
      },
      "arPublicKey": "b14cbfe44a02c6b1f78711176d5f437295367aa4f2a8c2551ee10d25a03adc69d61a332a058971919dad7312e1fc94c5a791a28a6d3e7ca0857c0f996f94e65da78b8d9b5de5e32164e291e553ed103bf14d6fab1f21749d59664e34813afe77"
    }
  }
}
