{
  "accountKeys": {
    "keys": {
      "0": {
        "keys": {
          "0": {
            "signKey": "05ee5e76f8ee4199379755a7ca2736d61eb34776132c6f6746e940d76200386b",
            "verifyKey": "5c4cad3b556395b13fabad6575de02f93fad1a78c1cb76311fed4545f0e9eacf"
          },
          "1": {
            "signKey": "ba29cbf1d365ad69c90ea030475f40e43afd706aa0c52035914d119a1774e48d",
            "verifyKey": "ffa9db459c6f8b2466a4c2aaf037cbf175ed02eed6e90a8a83b4dfc88353a07f"
          },
          "2": {
            "signKey": "143e014646221f5766f16477526d21b974f6322bd2d247f7359745e6d6ae59f2",
            "verifyKey": "ddb1b80c89e0e6bd6544a4ed442b450dfb0d65afdf06ac7b7a9556dde7fb8e54"
          }
        },
        "threshold": 2
      }
    },
    "threshold": 1
  },
  "aci": {
    "credentialHolderInformation": {
      "idCredSecret": "046d07c856ca613cbc201d3b1dde44bed2c7ac5f9f7d980d5d1e182114fdb0aa"
    },
    "prfKey": "5320d1f7bcbbf737a9ae42b71ab525f0bcf8582f1e1aab117c1c50a801172b6f"
  },
  "address": "4KDqzVUMCP2oc7qmMqu4wVsqYCCyju1g3apqy2xakGaEGJKtyr",
  "credentials": {
    "v": 0,
    "value": {
      "0": {
        "contents": {
          "arData": {
            "1": {
              "encIdCredPubShare": "ab1982c10652f632acd10fb753e10d4282ca2c5e143df07181a098b46aa9833c7c5007d68fc30366ee9d0fb55fa8bf2a80837f3dc07672ce7125f35c8663a7c8157a611d6678d9470ca151e3d18e2968f531a11bd298a9bba5224192aa2ca805"
            }
          },
          "commitments": {
            "cmmAttributes": {},
            "cmmCredCounter": "b91a0273dc0b86ea71e53d02ade473fabfb8ef0a461ef8026e9fb7cca07d146ac31d5de59f00c21d387c5bcfe58456f2",
            "cmmIdCredSecSharingCoeff": [
              "835e983c8861409bfc9f2a29d651218e548a61859f6ee50f50fb9c21b93947ea10e3e87d43c3cee9ebda063fec66768a"
            ],
            "cmmMaxAccounts": "8c071e189d8a600093c143c07249a5acce1881794d39cae365fcf19568f60e155e294c1eb9655a68d7974fc0948b2cea",
            "cmmPrf": "b92b5225f52c6ca27dc086944dea2d6c630fa13ec46212365ae9da7f2cb7c33fa87283261382b60f558868c8bfc7b483"
          },
          "credId": "890c29436a89703be0c8ab7eb1da1614a2bafac0d4af49b1ccab0a03a1274a0c6f3fbda71c9cbf05b7bb45215952e1ee",
          "credentialPublicKeys": {
            "keys": {
              "0": {
                "schemeId": "Ed25519",
                "verifyKey": "5c4cad3b556395b13fabad6575de02f93fad1a78c1cb76311fed4545f0e9eacf"
              },
              "1": {
                "schemeId": "Ed25519",
                "verifyKey": "ffa9db459c6f8b2466a4c2aaf037cbf175ed02eed6e90a8a83b4dfc88353a07f"
              },
              "2": {
                "schemeId": "Ed25519",
                "verifyKey": "ddb1b80c89e0e6bd6544a4ed442b450dfb0d65afdf06ac7b7a9556dde7fb8e54"
              }
            },
            "threshold": 2
          },
          "ipIdentity": 0,
          "policy": {
            "createdAt": "202105",
            "revealedAttributes": {},
            "validTo": "202205"
          },
          "revocationThreshold": 1
        },
        "type": "normal"
      }
    }
  },
  "encryptionPublicKey": "b14cbfe44a02c6b1f78711176d5f437295367aa4f2a8c2551ee10d25a03adc69d61a332a058971919dad7312e1fc94c5890c29436a89703be0c8ab7eb1da1614a2bafac0d4af49b1ccab0a03a1274a0c6f3fbda71c9cbf05b7bb45215952e1ee",
  "encryptionSecretKey": "b14cbfe44a02c6b1f78711176d5f437295367aa4f2a8c2551ee10d25a03adc69d61a332a058971919dad7312e1fc94c552edfd0a2c9a968640c61b90beed45b3f5fa96ada2ff80e55e3c0f013ec5f579"
}