{
    "level1Keys": {
        "keys": [
            {
                "schemeId": "Ed25519",
                "verifyKey": "221936c1197cd6ec5da314896af0bc384bd8ec54f543609ee5089fda5d9ee16b"
            },
            {
                "schemeId": "Ed25519",
                "verifyKey": "44fc92f27e2fb0d899b768492e2a7aaf05ad6fb55dceb9e828103a26c5c43333"
            },
            {
                "schemeId": "Ed25519",
                "verifyKey": "67dda0c5afda6120d1bae1179b4aff935038626ba6e281ca3fcb18d9aef37928"
            },
            {
                "schemeId": "Ed25519",
                "verifyKey": "156cedf1c074d4c0f7215c6318e661b096cfe74238ee95aee7bb245ead702ba3"
            },
            {
                "schemeId": "Ed25519",
                "verifyKey": "19556d7115e85764b3fdbb8d65850cf066d400fb54e91ce202efc1a7955d5a0a"
            },
            {
                "schemeId": "Ed25519",
                "verifyKey": "7100d403e3d37a974a06a6297114c4249e72b2107902f3efc8b3f931421a7887"
            },
            {
                "schemeId": "Ed25519",
                "verifyKey": "dab56e38245b54049188ef120f2735727299ec79472276aebc8e63cbc7fd5390"
            },
            {
                "schemeId": "Ed25519",
                "verifyKey": "5c42ca95855c01eb0258026cad5bc33156ed03a948bc1d77ddd5764837fc9066"
            },
            {
                "schemeId": "Ed25519",
                "verifyKey": "739016e018362c600e6587a4809c339ae0ace05457670bef3c7a6b1d0d511468"
            },
            {
                "schemeId": "Ed25519",
                "verifyKey": "fb898a3e50accc04232fa51bf12f6aaadd41a746c240ed8793db878c36bf0a51"
            },
            {
                "schemeId": "Ed25519",
                "verifyKey": "bad0e65436df7c9fba585393b60600d2078d475bfe76fde539797370fed021b7"
            },
            {
                "schemeId": "Ed25519",
                "verifyKey": "ed78955e719f9a910e68f7591a495bc617614f95b84e21bd90866ce73f0edd1c"
            },
            {
                "schemeId": "Ed25519",
                "verifyKey": "a2ac8c01b721f9d940f5c24012aeda91976f4680e497cc9499fa3db6022818e9"
            },
            {
                "schemeId": "Ed25519",
                "verifyKey": "9fbe397e5d0518b1b40b7d6da7043e5f4e8f8eec5295814560c7aef74451999e"
            },
            {
                "schemeId": "Ed25519",
                "verifyKey": "3424bcf598298078d50abad3520922147806a19662d950eaf9881ab9c1346482"
            }
        ],
        "threshold": 7
    },
    "level2Keys": {
        "keys": [
            {
                "schemeId": "Ed25519",
                "verifyKey": "0fb2431e05980f143dd5b6e7e197aa3b8b4ab666b66be64c7f641dc5343e80a6"
            },
            {
                "schemeId": "Ed25519",
                "verifyKey": "3b9022f1625f06795255489bfeb6ee6244a16991f4fa5cef9c4f4b6614eeb5cf"
            },
            {
                "schemeId": "Ed25519",
                "verifyKey": "fff862a666372843e3d05514573a9ecf87e9258bda7a2df908962eec53611dfc"
            },
            {
                "schemeId": "Ed25519",
                "verifyKey": "af65154d71176544869a01eee6195a3cd15a2e135bbf208b5f5f50867674fe07"
            },
            {
                "schemeId": "Ed25519",
                "verifyKey": "be3322e2b3e7ff4f4ab1e9251bfc3e75024e2546b2aec36b5e754a7fc1b7629e"
            },
            {
                "schemeId": "Ed25519",
                "verifyKey": "6d4924a5da84615352dd6e5f19bf58157838dbd4f2b9e67713fb3f6e39d32a44"
            },
            {
                "schemeId": "Ed25519",
                "verifyKey": "8cba5dcc0ef47b69118dfacc695ee36faf845bb1963e80448297ce0087305d6d"
            },
            {
                "schemeId": "Ed25519",
                "verifyKey": "563133c8df10a3a2d88522eb62629b9dac3dcafbe41a6f9419287755f93524ed"
            },
            {
                "schemeId": "Ed25519",
                "verifyKey": "eb89caed1020683d47e33c4457aa2285f1ef8cda92f4cbba861aabf9d6508cda"
            },
            {
                "schemeId": "Ed25519",
                "verifyKey": "3efd31536ee2b0453ea0553817f80ff1f94ae3d329a8d368dab998d04ba56e31"
            },
            {
                "schemeId": "Ed25519",
                "verifyKey": "31f39c8851718bd104ce1d166d73305668cd2618ccf5f77f8b5206dc36005e90"
            },
            {
                "schemeId": "Ed25519",
                "verifyKey": "cf78e2c726d31d3fe0ed3c32c44174de53a63885a0fd0f583a3d4777ea6ac39f"
            },
            {
                "schemeId": "Ed25519",
                "verifyKey": "ff20982a805c847e6418f1b7cf199e20f1f7c6c7e0453f8342977671b323e134"
            },
            {
                "schemeId": "Ed25519",
                "verifyKey": "802154292370cf24b1b408f1002d2ab3d7efea7fdec9bc8cbb1c6472421c9a49"
            },
            {
                "schemeId": "Ed25519",
                "verifyKey": "8c094013f41d80b3c1d301a1c206b26a8865438985341946be6c0f35d5567743"
            }
        ],
        "emergency": {
            "authorizedKeys": [
                0,
                1,
                2,
                3,
                4,
                5,
                6,
                7,
                8,
                9,
                10,
                11,
                12,
                13,
                14
            ],
            "threshold": 7
        },
        "protocol": {
            "authorizedKeys": [
                0,
                1,
                2,
                3,
                4,
                5,
                6,
                7,
                8,
                9,
                10,
                11,
                12,
                13,
                14
            ],
            "threshold": 7
        },
        "electionDifficulty": {
            "authorizedKeys": [
                0,
                1,
                2,
                3,
                4,
                5,
                6,
                7,
                8,
                9,
                10,
                11,
                12,
                13,
                14
            ],
            "threshold": 7
        },
        "euroPerEnergy": {
            "authorizedKeys": [
                0,
                1,
                2,
                3,
                4,
                5,
                6,
                7,
                8,
                9,
                10,
                11,
                12,
                13,
                14
            ],
            "threshold": 7
        },
        "microGTUPerEuro": {
            "authorizedKeys": [
                0,
                1,
                2,
                3,
                4,
                5,
                6,
                7,
                8,
                9,
                10,
                11,
                12,
                13,
                14
            ],
            "threshold": 7
        },
        "addAnonymityRevoker": {
            "authorizedKeys": [
                0,
                1,
                2,
                3,
                4,
                5,
                6,
                7,
                8,
                9,
                10,
                11,
                12,
                13,
                14
            ],
            "threshold": 7
        },
        "addIdentityProvider": {
            "authorizedKeys": [
                0,
                1,
                2,
                3,
                4,
                5,
                6,
                7,
                8,
                9,
                10,
                11,
                12,
                13,
                14
            ],
            "threshold": 7
        },
        "bakerStakeThreshold": {
            "authorizedKeys": [
                0,
                1,
                2,
                3,
                4,
                5,
                6,
                7,
                8,
                9,
                10,
                11,
                12,
                13,
                14
            ],
            "threshold": 7
        },
        "foundationAccount": {
            "authorizedKeys": [
                0,
                1,
                2,
                3,
                4,
                5,
                6,
                7,
                8,
                9,
                10,
                11,
                12,
                13,
                14
            ],
            "threshold": 7
        },
        "mintDistribution": {
            "authorizedKeys": [
                0,
                1,
                2,
                3,
                4,
                5,
                6,
                7,
                8,
                9,
                10,
                11,
                12,
                13,
                14
            ],
            "threshold": 7
        },
        "paramGASRewards": {
            "authorizedKeys": [
                0,
                1,
                2,
                3,
                4,
                5,
                6,
                7,
                8,
                9,
                10,
                11,
                12,
                13,
                14
            ],
            "threshold": 7
        },
        "transactionFeeDistribution": {
            "authorizedKeys": [
                0,
                1,
                2,
                3,
                4,
                5,
                6,
                7,
                8,
                9,
                10,
                11,
                12,
                13,
                14
            ],
            "threshold": 7
        }
    },
    "rootKeys": {
        "keys": [
            {
                "schemeId": "Ed25519",
                "verifyKey": "2c3c756d25998fda4781bdc491896eb9be626955826f457248d5c1aacf4e8d72"
            },
            {
                "schemeId": "Ed25519",
                "verifyKey": "5841e9515c6e12b77f8ff468915e2a90af08e3fd11417f5005e2b4c72628d28b"
            },
            {
                "schemeId": "Ed25519",
                "verifyKey": "aeb032c04645f0353d86064fecd5ac13b71523c427480fac02c81dff3ee8e47a"
            },
            {
                "schemeId": "Ed25519",
                "verifyKey": "912773c802de0c3963a5135e315161529b1a6f668c0c587ffcda2c4511a88a80"
            },
            {
                "schemeId": "Ed25519",
                "verifyKey": "f8e9510ee5ba2c98d49f391f618e6a1608b723d44201893c992d7ed60e413c2c"
            },
            {
                "schemeId": "Ed25519",
                "verifyKey": "d7e061ea857775d7500a916c3db623e68439b1cdee4ae641e005dc84b7ee1aca"
            },
            {
                "schemeId": "Ed25519",
                "verifyKey": "0fe5c305abeb12d59c7a78499bfda81f26d07c6bc76c686fe683ba4153561506"
            }
        ],
        "threshold": 5
    }
}